City_ID,City,Lat,Lng,Max Temp,Humidity,Cloudiness,Wind Speed,Country,Date
0,port-aux-francais,-49.35,70.2167,42.08,72,64,31.41,TF,1681915959
1,adamstown,-25.066,-130.1015,76.1,77,24,11.97,PN,1681915959
2,albany,42.6001,-73.9662,43.18,67,67,4.0,US,1681915897
3,puerto ayora,-0.7393,-90.3518,82.36,96,99,3.0,EC,1681915959
4,shiyan,32.6475,110.7781,71.26,74,0,0.74,CN,1681915942
5,waitangi,-43.9535,-176.5597,60.82,94,100,10.0,NZ,1681915960
6,yellowknife,62.456,-114.3525,25.32,68,20,9.22,CA,1681915847
7,bethel,41.3712,-73.414,49.01,58,100,10.36,US,1681915960
8,gadzhiyevo,69.2551,33.3362,37.53,99,100,17.05,RU,1681915960
9,la'ie,21.6477,-157.9253,76.96,84,100,5.01,US,1681915961
10,manicore,-5.8092,-61.3003,80.55,89,100,5.75,BR,1681915961
11,barcelos,41.5388,-8.6151,75.92,51,1,7.14,PT,1681915777
12,bredasdorp,-34.5322,20.0403,71.76,44,100,6.06,ZA,1681915962
13,colonia,50.9333,6.95,61.86,29,0,18.41,DE,1681915955
14,grytviken,-54.2811,-36.5092,38.07,82,79,4.27,GS,1681915963
15,coquimbo,-29.9533,-71.3436,64.13,55,0,4.61,CL,1681915919
16,invercargill,-46.4,168.35,46.42,96,16,4.09,NZ,1681915965
17,margaret river,-33.95,115.0667,55.08,73,0,6.98,AU,1681915966
18,puerto natales,-51.7236,-72.4875,52.25,82,75,28.77,CL,1681915966
19,selfoss,63.9331,-20.9971,49.46,90,97,9.91,IS,1681915966
20,olonkinbyen,70.9221,-8.7187,35.28,86,41,13.76,SJ,1681915967
21,iqaluit,63.7506,-68.5145,10.13,85,100,3.44,CA,1681915967
22,tofol,5.3248,163.0078,81.84,74,100,8.99,FM,1681915967
23,strelka,58.0728,93.0344,22.01,95,100,5.17,RU,1681915968
24,lormi,22.2833,81.7333,90.5,17,2,7.36,IN,1681915968
25,happy valley-goose bay,53.3168,-60.3315,39.51,81,100,5.75,CA,1681915968
26,ust-nera,64.5667,143.2,5.81,99,100,6.08,RU,1681915968
27,navia,43.5354,-6.7194,65.62,58,0,7.14,ES,1681915968
28,college,64.8569,-147.8028,17.55,70,40,11.5,US,1681915969
29,sinabang,2.4803,96.3801,81.37,78,93,3.91,ID,1681915969
30,kone,-21.0595,164.8658,70.05,91,0,0.83,NC,1681915969
31,aketi,2.7388,23.7833,97.12,31,81,4.09,CD,1681915969
32,sulak,43.2734,47.5146,50.0,73,39,20.76,RU,1681915970
33,gorgan,36.8387,54.4348,66.16,60,0,13.8,IR,1681915970
34,papatowai,-46.5619,169.4708,48.79,94,24,4.29,NZ,1681915970
35,tual,-5.6667,132.75,82.31,77,12,9.93,ID,1681915970
36,tiksi,71.6872,128.8694,-5.37,100,100,3.85,RU,1681915970
37,siracusa,37.0881,15.2792,63.99,71,6,13.62,IT,1681915912
38,edinburgh of the seven seas,-37.0676,-12.3116,63.03,68,100,23.53,SH,1681915970
39,hamilton,39.1834,-84.5333,61.9,47,0,10.36,US,1681915971
40,port-vila,-17.7338,168.3219,75.78,78,28,1.61,VU,1681915971
41,vilyuysk,63.7553,121.6247,7.21,99,74,3.29,RU,1681915971
42,pisco,-13.7,-76.2167,73.45,73,0,11.5,PE,1681915971
43,vilyuchinsk,52.9306,158.4028,37.67,90,100,5.3,RU,1681915818
44,bilibino,68.0546,166.4372,17.31,95,100,2.89,RU,1681915972
45,kerouane,9.2667,-9.0167,98.64,22,90,7.81,GN,1681915972
46,blackmans bay,-43.0167,147.3167,48.72,71,69,7.94,AU,1681915972
47,thompson,55.7435,-97.8558,15.96,67,100,6.91,CA,1681915931
48,xacmaz,41.4635,48.806,54.45,72,7,4.79,AZ,1681915972
49,vodnyy,63.5046,53.4095,33.48,93,100,5.64,RU,1681915972
50,udachny,66.4167,112.4,3.52,100,67,5.39,RU,1681915973
51,sitka,57.0531,-135.33,42.69,65,100,4.61,US,1681915973
52,newman,37.3138,-121.0208,48.88,78,3,2.71,US,1681915973
53,san antonio de pale,-1.4014,5.6325,83.77,76,100,11.3,GQ,1681915973
54,vorgashor,67.5833,63.95,23.88,96,98,8.72,RU,1681915973
55,el bolson,-41.9667,-71.5167,55.76,84,100,4.16,AR,1681915973
56,igarka,67.4667,86.5833,5.49,97,88,3.83,RU,1681915974
57,sisimiut,66.9395,-53.6735,19.15,80,100,5.17,GL,1681915974
58,spanish wells,26.323,-81.7957,76.98,70,0,9.22,US,1681915974
59,balabac,7.9868,117.0645,82.24,78,23,7.83,PH,1681915974
60,hawaiian paradise park,19.5933,-154.9731,73.04,96,40,9.22,US,1681915975
61,vernon,50.2581,-119.2691,33.6,88,99,6.91,CA,1681915975
62,atafu village,-8.5421,-172.5159,82.15,70,36,1.92,TK,1681915975
63,geraldton,-28.7667,114.6,63.01,72,63,0.0,AU,1681915975
64,palikir - national government center,6.9248,158.1611,77.74,94,100,3.44,FM,1681915975
65,terenos,-20.4422,-54.8603,71.31,73,0,10.36,BR,1681915976
66,san clemente del tuyu,-36.3569,-56.7235,58.96,73,40,17.58,AR,1681915751
67,campo largo,-25.4586,-49.5283,65.59,50,0,10.8,BR,1681915976
68,isafjordur,66.0755,-23.124,44.64,93,75,5.75,IS,1681915976
69,necochea,-38.5473,-58.7368,57.22,61,100,19.48,AR,1681915976
70,nicoya,10.1483,-85.452,87.49,44,97,5.46,CR,1681915977
71,thinadhoo,0.5333,72.9333,83.62,71,61,3.74,MV,1681915977
72,guerrero negro,27.9769,-114.0611,58.26,73,100,20.38,MX,1681915977
73,port alfred,-33.5906,26.891,78.19,76,27,11.01,ZA,1681915977
74,stanley,54.868,-1.6985,54.99,61,0,12.66,GB,1681915855
75,butte,39.6499,-121.5677,47.01,66,0,5.75,US,1681915977
76,k'asp'i,41.9252,44.4257,65.59,61,41,3.56,GE,1681915978
77,nikol'sk,53.7189,46.0712,56.97,39,51,0.6,RU,1681915978
78,odessa,46.4775,30.7326,52.54,89,100,5.39,UA,1681915927
79,san andres,12.5847,-81.7006,84.22,65,20,11.5,CO,1681915978
80,barra de santo antonio,-9.4047,-35.5072,90.68,64,100,13.06,BR,1681915979
81,gloucester point,37.254,-76.4969,64.99,59,0,8.05,US,1681915980
82,nogliki,51.8333,143.1667,29.46,94,12,8.08,RU,1681915980
83,darwin,-12.4611,130.8418,73.89,84,0,4.61,AU,1681915980
84,dzhangala,49.2167,50.3333,57.07,33,100,10.13,KZ,1681915980
85,taikang,46.8333,124.4167,53.17,38,100,19.51,CN,1681915981
86,jamestown,42.097,-79.2353,39.02,77,100,14.97,US,1681915642
87,west island,-12.1568,96.8225,80.58,89,75,18.41,CC,1681915981
88,bel ombre,-4.6167,55.4167,82.24,83,75,4.61,SC,1681915981
89,longyearbyen,78.2186,15.6401,21.04,68,40,13.8,SJ,1681915982
90,castillos,-34.1667,-53.8333,53.11,82,100,11.12,UY,1681915982
91,edmundston,47.3737,-68.3251,44.74,70,40,11.5,CA,1681915982
92,hadibu,12.65,54.0333,83.3,70,34,6.35,YE,1681915983
93,amga,60.8953,131.9608,19.85,98,100,0.56,RU,1681915983
94,grand falls-windsor,48.9332,-55.6649,35.51,92,100,1.99,CA,1681915984
95,okhotsk,59.3833,143.3,20.57,85,43,9.04,RU,1681915986
96,laguna,38.421,-121.4238,49.28,87,0,1.01,US,1681915986
97,iskateley,67.6803,53.1512,29.12,92,100,13.09,RU,1681915987
98,enewetak,11.3474,162.3373,79.16,82,100,23.35,MH,1681915988
99,la passe,45.5549,-0.8967,71.83,51,85,4.54,FR,1681915991
100,ilulissat,69.2167,-51.1,24.82,80,75,5.75,GL,1681915991
101,melekeok village,7.4957,134.6367,81.16,83,75,4.61,PW,1681915992
102,sirjan,29.452,55.6814,71.78,17,27,5.5,IR,1681915992
103,sao joao da barra,-21.6403,-41.0511,87.89,55,88,13.67,BR,1681915993
104,wailua homesteads,22.0669,-159.378,68.43,91,21,1.01,US,1681915993
105,hermanus,-34.4187,19.2345,68.81,70,100,4.63,ZA,1681915994
106,el granada,37.5027,-122.4694,50.09,81,0,10.36,US,1681915994
107,timbuktu,16.7735,-3.0074,104.77,8,99,6.78,ML,1681915995
108,ribeira grande,38.5167,-28.7,59.4,94,75,20.71,PT,1681915996
109,avarua,-21.2078,-159.775,77.05,94,75,14.97,CK,1681915996
110,saudarkrokur,65.7461,-19.6394,50.22,81,100,13.65,IS,1681915997
111,kavaratti,10.5669,72.642,84.29,71,29,8.41,IN,1681915997
112,mar del plata,-38.0023,-57.5575,59.95,68,75,13.8,AR,1681915885
113,utrik,11.2278,169.8474,79.79,79,100,20.13,MH,1681915998
114,westport,41.1415,-73.3579,52.32,54,100,10.36,US,1681915781
115,boa vista,2.8197,-60.6733,85.98,54,75,13.8,BR,1681915999
116,ixtapa,20.7,-105.2,81.14,34,100,2.15,MX,1681915999
117,ancud,-41.8697,-73.8203,57.45,91,100,2.57,CL,1681915999
118,kendari,-3.945,122.4989,76.32,95,100,2.48,ID,1681915863
119,lock haven,41.137,-77.4469,53.69,49,43,10.09,US,1681915964
120,boulazac,45.1167,0.75,71.31,35,78,1.74,FR,1681916001
121,burutu,5.3509,5.5076,88.65,61,92,9.06,NG,1681916002
122,sechura,-5.5569,-80.8222,80.06,68,99,9.31,PE,1681916002
123,mata-utu,-13.2816,-176.1745,82.99,74,99,7.94,WF,1681916002
124,kununurra,-15.7667,128.7333,67.98,77,4,0.0,AU,1681916003
125,porto,41.1496,-8.611,76.5,72,20,8.05,PT,1681915758
126,oodweyne,9.4092,45.064,85.26,28,6,3.74,SO,1681916003
127,afaahiti,-17.75,-149.2833,76.87,83,87,14.74,PF,1681916004
128,salinopolis,-0.6136,-47.3561,79.12,85,99,3.8,BR,1681916005
129,urzhar,47.093,81.6294,39.36,51,52,2.66,KZ,1681916005
130,bikenibeu village,1.3673,173.1241,82.36,83,20,4.61,KI,1681916005
131,kirillov,59.863,38.3813,49.59,51,1,5.99,RU,1681916005
132,katav-ivanovsk,54.7531,58.1956,42.89,84,100,4.68,RU,1681916006
133,taoudenni,22.6783,-3.9836,102.06,11,18,18.01,ML,1681916006
134,gazojak,41.1875,61.4036,61.07,12,0,12.12,TM,1681916008
135,fort-shevchenko,44.5086,50.263,59.72,32,100,7.99,KZ,1681916008
136,luderitz,-26.6481,15.1594,68.74,61,39,6.2,NA,1681916009
137,bubaque,11.2833,-15.8333,80.96,70,35,9.69,GW,1681916010
138,muisne,0.6,-80.0333,82.94,72,97,2.42,EC,1681916010
139,nemuro,43.3236,145.575,38.12,85,10,8.23,JP,1681916011
140,dakhla,23.6848,-15.958,71.62,64,3,14.97,EH,1681916012
141,nantucket,41.2835,-70.0995,52.0,52,40,23.02,US,1681916008
142,haiku-pauwela,20.9219,-156.3051,73.42,80,0,28.77,US,1681916012
143,talnakh,69.4865,88.3972,4.21,93,99,3.47,RU,1681916013
144,shelkovskaya,43.5069,46.3392,53.58,68,8,13.18,RU,1681916013
145,aasiaat,68.7098,-52.8699,18.43,75,99,8.23,GL,1681916013
146,flin flon,54.7682,-101.865,26.44,39,75,10.36,CA,1681916013
147,abadan,30.3392,48.3043,94.95,15,0,4.61,IR,1681916014
148,saint-joseph,-21.3667,55.6167,80.98,82,54,11.52,RE,1681916014
149,muli,2.9167,73.5667,83.71,70,100,1.45,MV,1681916014
150,puerto deseado,-47.7503,-65.8938,67.69,49,47,23.2,AR,1681916014
151,kasungu,-13.0333,33.4833,69.75,88,91,3.94,MW,1681916015
152,brisas de zicatela,15.8369,-97.0419,83.8,70,37,4.45,MX,1681916015
153,nizhny tagil,57.9194,59.965,37.54,46,3,3.98,RU,1681916016
154,dudinka,69.4058,86.1778,4.62,97,100,3.04,RU,1681916016
155,neryungri,56.6709,124.6491,8.33,92,99,3.6,RU,1681916017
156,hithadhoo,-0.6,73.0833,84.31,68,100,3.96,MV,1681916017
157,birjand,32.8663,59.2211,70.27,9,0,16.11,IR,1681916018
158,ndele,8.4109,20.6473,96.75,26,100,5.3,CF,1681916018
159,raduzhny,62.0961,77.475,19.65,95,86,6.15,RU,1681916019
160,susuman,62.7833,148.1667,12.27,94,99,5.7,RU,1681916019
161,peterborough,52.5736,-0.2478,59.99,38,65,21.85,GB,1681915817
162,sorong,-0.8833,131.25,79.92,84,76,4.81,ID,1681916020
163,lincoln city,44.9582,-124.0179,41.13,95,66,7.0,US,1681916020
164,papao,-17.75,-149.55,78.48,83,81,15.99,PF,1681916020
165,tari,12.4086,4.4914,104.18,20,75,2.08,NG,1681916020
166,carnarvon,-24.8667,113.6333,77.43,38,62,12.21,AU,1681916021
167,klyuchi,52.2667,79.1667,22.21,82,2,9.22,RU,1681916021
168,chibougamau,49.9168,-74.3659,26.22,74,100,10.36,CA,1681916021
169,puerto cabezas,14.0351,-83.3888,84.16,89,40,11.5,NI,1681916021
170,pangody,65.85,74.4859,15.94,92,100,5.41,RU,1681916022
171,armacao de buzios,-22.7469,-41.8817,80.65,88,100,10.58,BR,1681915737
172,skagen,57.7209,10.5839,46.72,72,8,15.59,DK,1681916022
173,severo-yeniseyskiy,60.3725,93.0408,16.21,95,100,7.99,RU,1681916022
174,saipan,15.1355,145.701,81.3,100,40,13.8,MP,1681916023
175,mbaiki,3.8678,17.9892,95.16,33,89,4.74,CF,1681916023
176,waimea,20.0231,-155.6717,65.46,85,100,1.57,US,1681916023
177,lihue,21.9789,-159.3672,69.04,91,24,7.99,US,1681916024
178,hukumati azrah,34.1736,69.6457,46.0,77,97,4.32,AF,1681916024
179,tadine,-21.55,167.8833,76.8,80,55,3.38,NC,1681916024
180,"laikit, laikit ii (dimembe)",1.4792,124.9735,74.25,94,20,1.14,ID,1681916024
181,fort bragg,35.139,-79.006,78.82,45,0,3.44,US,1681916025
182,namibe,-15.1961,12.1522,82.72,65,94,11.05,AO,1681916025
183,whitehorse,60.7161,-135.0538,32.09,92,75,2.3,CA,1681915881
184,alice springs,-23.7,133.8833,53.15,82,0,8.05,AU,1681916025
185,saint-pierre,-21.3393,55.4781,82.08,69,0,6.91,RE,1681916026
186,qaqortoq,60.7167,-46.0333,33.19,89,92,4.07,GL,1681916026
187,bodaybo,57.8506,114.1933,16.18,90,100,1.01,RU,1681916026
188,zaragoza,41.6561,-0.8773,78.85,27,0,6.91,ES,1681916017
189,taber,49.8167,-112.1518,32.2,100,100,11.5,CA,1681915966
190,ocean shores,46.9737,-124.1563,41.95,92,75,5.99,US,1681915990
191,constantia,44.1833,28.65,52.7,93,100,12.39,RO,1681916027
192,kukmor,56.1855,50.8944,51.12,63,80,4.07,RU,1681916027
193,patacamaya,-17.2333,-67.9167,56.46,25,44,6.02,BO,1681916027
194,shahrak,34.1074,64.3052,47.26,50,32,9.15,AF,1681916027
195,mahajanga,-15.7167,46.3167,87.82,66,40,10.36,MG,1681916028
196,chonchi,-42.6128,-73.8092,59.13,94,100,0.92,CL,1681916028
197,wenchang,30.904,118.4887,68.54,85,100,6.98,CN,1681916028
198,magadan,59.5667,150.8,25.7,77,99,9.75,RU,1681915909
199,kapa'a,22.0752,-159.319,69.78,91,16,1.01,US,1681916029
200,filey,54.21,-0.2892,53.28,71,10,10.0,GB,1681916030
201,petrolina,-9.3986,-40.5008,87.85,58,40,10.36,BR,1681916031
202,tokar,18.4254,37.729,84.96,49,0,11.36,SD,1681916032
203,salekhard,66.53,66.6019,18.34,91,80,3.31,RU,1681916033
204,puerto la cruz,10.2167,-64.6167,79.99,69,37,6.08,VE,1681916034
205,port mathurin,-19.6833,63.4167,78.76,76,48,16.11,MU,1681916034
206,kingston,17.997,-76.7936,86.23,68,20,5.75,JM,1681915819
207,yerofey pavlovich,53.9667,121.9667,27.66,78,100,11.01,RU,1681916034
208,vikulovo,56.8167,70.6107,31.51,53,78,4.03,RU,1681916035
209,khandyga,62.6667,135.6,24.03,97,100,2.04,RU,1681916035
210,nadi,-17.8,177.4167,75.2,94,20,0.0,FJ,1681916035
211,bechyne,49.2952,14.4681,50.85,52,96,10.69,CZ,1681916035
212,punta arenas,-53.15,-70.9167,50.11,87,75,28.77,CL,1681915873
213,lerici,44.0759,9.9112,65.79,55,20,8.05,IT,1681916036
214,ballina,-28.8667,153.5667,59.77,64,67,10.71,AU,1681916036
215,lebu,-37.6167,-73.65,59.22,79,16,12.8,CL,1681916036
216,lobujya,27.95,86.8167,19.47,94,96,4.41,NP,1681916036
217,dombarovskiy,50.7587,59.5386,47.95,63,100,5.39,RU,1681916036
218,antofagasta,-23.65,-70.4,65.48,63,40,7.67,CL,1681916037
219,chernyshevskiy,63.0128,112.4714,15.67,89,100,7.7,RU,1681916037
220,peace river,56.2501,-117.286,38.66,82,75,12.66,CA,1681916037
221,aktau,43.65,51.2,64.98,20,97,16.67,KZ,1681916038
222,ushuaia,-54.8,-68.3,49.66,62,20,17.27,AR,1681915924
223,cova figueira,14.8905,-24.2934,69.87,76,100,18.86,CV,1681916038
224,sangin,32.0728,64.8359,72.73,17,0,12.73,AF,1681916038
225,rongelap,11.1635,166.8941,79.84,80,100,21.5,MH,1681916038
226,sarkad,46.75,21.3833,61.36,63,92,9.22,HU,1681916039
227,arraial do cabo,-22.9661,-42.0278,76.86,88,100,17.27,BR,1681916039
228,port macquarie,-31.4333,152.9167,59.9,82,60,5.1,AU,1681916039
229,lompoc,34.6391,-120.4579,50.85,68,20,18.01,US,1681915795
230,abepura,-2.6333,140.5833,77.81,89,20,5.75,ID,1681916040
231,teguise,29.0605,-13.564,70.02,49,20,16.11,ES,1681916040
232,turkmenbasy,40.0222,52.9552,74.17,10,0,11.5,TM,1681916040
233,sidney,-33.8679,151.2073,66.63,82,75,9.22,AU,1681915753
234,minas de marcona,-15.2119,-75.1103,67.93,60,5,12.48,PE,1681916041
235,witu,-2.3889,40.4382,84.36,76,95,12.37,KE,1681916041
236,kebili,33.7044,8.969,89.38,13,72,9.78,TN,1681916041
237,chateaubelair,13.2833,-61.25,82.92,65,40,11.5,VC,1681916042
238,badger,64.8,-147.5333,17.47,73,40,11.5,US,1681916042
239,rumoi,43.9344,141.6428,43.86,89,93,8.61,JP,1681916043
240,dilling,12.05,29.65,99.14,5,3,9.71,SD,1681916043
241,doma,8.3833,8.35,102.49,28,85,3.94,NG,1681916044
242,sittwe,20.15,92.9,82.89,84,6,4.09,MM,1681916044
243,yoloten,37.2989,62.3597,62.06,13,0,9.48,TM,1681916044
244,vadso,70.0744,29.7487,43.68,70,75,24.16,NO,1681916044
245,silifke,36.3778,33.9344,69.13,66,89,8.43,TR,1681916045
246,palmer,42.1584,-72.3287,46.65,53,100,16.11,US,1681916045
247,nyagan,62.1406,65.3936,31.24,92,30,6.98,RU,1681916045
248,belyy yar,53.6039,91.3903,28.29,50,0,6.71,RU,1681916046
249,new norfolk,-42.7826,147.0587,49.91,75,62,1.01,AU,1681916046
250,port elizabeth,-33.918,25.5701,79.11,68,0,10.36,ZA,1681916047
251,chinchilla,-26.75,150.6333,62.17,75,64,9.69,AU,1681916047
252,fortuna,40.5982,-124.1573,43.36,94,30,4.0,US,1681916047
253,toppenish,46.3774,-120.3087,44.02,61,100,3.49,US,1681916048
254,miguel ahumada,30.6167,-106.5167,65.8,20,90,5.46,MX,1681916048
255,fale old settlement,-9.3852,-171.2468,81.97,72,79,2.44,TK,1681916049
256,uturoa,-16.7333,-151.4333,81.64,79,97,14.27,PF,1681916049
257,anadyr,64.75,177.4833,25.3,93,100,13.42,RU,1681916050
258,al ghayzah,16.2079,52.176,83.77,59,5,13.06,YE,1681916051
259,san martin,-33.081,-68.4681,68.54,17,5,2.93,AR,1681916051
260,de forest,43.2478,-89.3437,41.79,79,100,13.8,US,1681916051
261,akrehamn,59.2667,5.1833,52.05,54,0,13.8,NO,1681916052
262,camiri,-20.05,-63.5167,71.38,78,40,0.0,BO,1681916053
263,svetlyy,54.675,20.1347,59.05,76,69,18.14,RU,1681916054
264,mili,6.0815,171.735,81.36,80,100,15.52,MH,1681916054
265,moose jaw,50.4001,-105.5344,30.47,100,100,24.16,CA,1681916056
266,ulsteinvik,62.3432,5.8487,61.7,61,20,8.59,NO,1681916056
267,kayangel,8.0823,134.7173,83.79,75,73,11.77,PW,1681916057
268,santa ines,-3.6667,-45.38,87.82,65,88,1.14,BR,1681916058
269,port sudan,19.6175,37.2164,82.87,55,0,9.06,SD,1681916059
270,puerto aysen,-45.4,-72.7,55.44,94,100,6.91,CL,1681916059
271,villa de arista,22.65,-100.8333,68.97,52,78,2.64,MX,1681916060
272,brookings,44.3114,-96.7984,50.34,87,75,11.5,US,1681916060
273,lucheng,31.2336,117.2806,70.03,82,68,5.5,CN,1681916061
274,sitangkai,4.6628,119.3928,83.95,75,21,6.08,PH,1681916061
275,idaho falls,43.4666,-112.0341,29.57,74,75,19.57,US,1681916062
276,praia da vitoria,38.7333,-27.0667,62.85,88,40,35.5,PT,1681916062
277,galliano,29.4422,-90.2992,75.2,60,0,13.8,US,1681916062
278,fort saskatchewan,53.7168,-113.2187,36.59,89,100,10.0,CA,1681916063
279,monticello,45.3055,-93.7941,39.54,88,100,13.8,US,1681915907
280,ribeira brava,32.65,-17.0667,72.23,70,46,2.01,PT,1681916064
281,gapyeong,37.831,127.5106,55.71,55,0,3.24,KR,1681916064
282,kodiak,57.79,-152.4072,33.31,55,100,16.11,US,1681916064
283,isangel,-19.55,169.2667,77.31,80,73,5.1,VU,1681916065
284,camana,-16.6228,-72.7111,73.29,69,42,7.67,PE,1681916065
285,dryden,49.7833,-92.7503,28.69,40,75,9.22,CA,1681916066
286,deori khas,23.4,79.0167,92.86,16,28,7.07,IN,1681916066
287,hasaki,35.7333,140.8333,61.29,87,100,13.24,JP,1681916067
288,vorkuta,67.5,64.0,24.17,96,99,8.52,RU,1681916067
289,tekirdag,40.978,27.5085,58.35,75,70,9.75,TR,1681915960
290,presov,49.1667,21.25,55.36,80,94,7.61,SK,1681916068
291,alzamay,55.5562,98.6644,16.45,55,49,6.04,RU,1681916068
292,codrington,-38.2667,141.9667,50.25,85,39,6.49,AU,1681916062
293,ystad,55.4297,13.8204,56.14,52,1,23.98,SE,1681916069
294,alagon,41.7696,-1.1191,78.62,33,0,6.91,ES,1681916070
295,weno,7.4515,151.8468,79.02,86,100,23.53,FM,1681916070
296,mount gambier,-37.8333,140.7667,53.01,79,70,3.51,AU,1681916070
297,ha'il,27.5219,41.6907,84.22,24,40,9.22,SA,1681915956
298,san antonio,29.4241,-98.4936,72.05,87,100,13.8,US,1681915823
299,muntok,-2.0667,105.1833,80.37,83,88,5.86,ID,1681916071
300,petropavlovsk-kamchatsky,53.0452,158.6483,36.19,70,75,11.18,RU,1681916071
301,utena,55.5,25.6,54.86,70,100,14.25,LT,1681916072
302,bayanhongor,46.7167,100.1167,21.31,20,0,5.19,MN,1681916072
303,sonepur,20.8333,83.9167,95.49,14,0,2.1,IN,1681916072
304,east london,-33.0153,27.9116,86.94,58,0,4.61,ZA,1681916073
305,joshimath,30.5667,79.5667,60.03,66,100,0.27,IN,1681916073
306,conception bay south,47.4999,-52.9981,38.55,82,100,14.65,CA,1681916074
307,panaba,21.2833,-88.2667,83.34,39,0,9.51,MX,1681916075
308,soritor,-6.1392,-77.1039,77.41,80,54,1.95,PE,1681916075
309,muynoq,43.7683,59.0214,54.3,46,38,15.21,UZ,1681916076
310,kaiserslautern,49.45,7.75,60.46,45,40,14.97,DE,1681916077
311,azovo,54.6997,73.0237,28.15,32,9,6.31,RU,1681916080
312,ephrata,40.1798,-76.1788,55.15,52,0,14.97,US,1681915980
313,ain sukhna,29.6002,32.3167,86.2,31,100,13.85,EG,1681916081
314,diego de almagro,-26.3667,-70.05,76.8,12,0,4.7,CL,1681916081
315,san jose del cabo,23.0589,-109.6977,73.6,79,96,3.0,MX,1681916082
316,choyr,46.3611,108.3611,29.73,19,59,3.96,MN,1681916082
317,xiaoweizhai,26.1903,107.5125,67.23,88,27,3.78,CN,1681916082
318,safotu,-13.4513,-172.4018,82.51,82,100,16.35,WS,1681916082
319,watsa,3.0372,29.5355,85.28,46,85,4.7,CD,1681916083
320,dwarka,22.2394,68.9678,82.17,66,14,13.76,IN,1681916083
321,la quiaca,-22.1024,-65.593,53.47,14,0,5.44,AR,1681916083
322,nova vicosa,-17.8919,-39.3719,91.44,55,8,6.53,BR,1681916083
323,ekibastuz,51.6667,75.3667,24.8,70,0,2.53,KZ,1681916084
324,nizhniy odes,63.6445,54.856,32.7,96,100,5.53,RU,1681916084
325,miyaly,48.8844,53.7836,55.71,39,82,8.23,KZ,1681916084
326,akureyri,65.6835,-18.0878,60.73,48,40,12.66,IS,1681916084
327,touros,-5.1989,-35.4608,86.16,66,79,11.56,BR,1681916045
328,belomorsk,64.5232,34.7668,37.2,98,100,10.69,RU,1681916085
329,remire-montjoly,4.9167,-52.2667,75.24,100,75,6.91,GF,1681916085
330,karratha,-20.7377,116.8463,78.39,39,60,9.08,AU,1681916085
331,tura,25.5198,90.2201,83.55,22,0,4.92,IN,1681916085
332,tempio pausania,40.8974,9.1035,61.72,53,67,4.97,IT,1681916086
333,woodward,36.4337,-99.3904,72.97,40,0,16.11,US,1681916086
334,plastun,44.7561,136.2939,44.62,74,100,2.44,RU,1681916087
335,kapuskasing,49.4169,-82.4331,21.29,79,100,11.5,CA,1681915982
336,aykhal,66.0,111.5,5.92,100,94,6.2,RU,1681916087
337,cole harbour,44.6724,-63.4751,54.18,78,75,12.66,CA,1681916087
338,twon-brass,4.3151,6.2418,84.79,75,79,12.24,NG,1681916024
339,alo,7.4178,6.7371,99.66,37,76,3.44,NG,1681916088
340,les avirons,-21.2418,55.3394,78.89,69,0,6.91,RE,1681916088
341,puerto princesa,9.7392,118.7353,81.81,78,49,3.13,PH,1681916088
342,pacific grove,36.6177,-121.9166,48.42,86,0,8.01,US,1681916089
343,al wajh,26.2455,36.4525,89.55,33,20,3.44,SA,1681916089
344,wenji,8.45,39.2833,80.92,32,30,10.76,ET,1681916089
345,nikolayevsk-on-amure,53.1406,140.73,32.11,96,99,1.88,RU,1681915906
346,georgetown,5.4112,100.3354,85.93,78,40,3.44,MY,1681915908
347,buurhakaba,2.8026,44.0781,88.3,52,89,3.78,SO,1681916090
348,mendota,36.7536,-120.3816,44.33,65,0,9.1,US,1681916090
349,nova sintra,14.8667,-24.7167,67.93,78,100,22.84,CV,1681916090
350,saint-philippe,-21.3585,55.7679,81.99,84,69,11.99,RE,1681916090
351,lepsy,46.235,78.9456,45.48,28,68,2.68,KZ,1681916090
352,quellon,-43.1167,-73.6167,55.65,100,100,5.75,CL,1681916091
353,aktobe,50.2797,57.2072,57.29,23,0,0.0,KZ,1681916091
354,nar'yan-mar,67.6713,53.087,29.28,92,100,13.18,RU,1681916091
355,tazacorte,28.629,-17.9293,68.97,77,75,12.66,ES,1681916092
356,sickte,52.2185,10.6424,55.56,38,0,10.36,DE,1681916092
357,san angelo,31.4638,-100.437,75.58,69,75,19.57,US,1681916041
358,gharyan,32.1722,13.0203,82.22,14,71,6.22,LY,1681916093
359,yaren,-0.5472,166.916,83.19,76,48,11.99,NR,1681916093
360,chegdomyn,51.1167,133.0167,32.02,61,99,3.58,RU,1681916093
361,konarka,19.9,86.1167,88.2,78,13,12.82,IN,1681916093
362,chateaudun,48.0833,1.3333,67.95,58,0,14.05,FR,1681916094
363,pizarro,4.9533,-77.366,83.41,72,100,2.3,CO,1681916094
364,hudson falls,43.3006,-73.586,43.38,66,100,11.5,US,1681916096
365,lazaro cardenas,17.9583,-102.2,79.7,64,99,1.77,MX,1681916096
366,labasa,-16.4167,179.3833,76.42,92,100,3.71,FJ,1681916096
367,tralee,52.2704,-9.7026,57.45,54,40,13.8,IE,1681916096
368,port moresby,-9.4431,147.1797,74.62,94,40,3.44,PG,1681915926
369,prince rupert,54.3161,-130.3201,42.49,79,0,9.22,CA,1681915821
370,mutsu,41.2894,141.2169,46.89,84,100,8.77,JP,1681916097
371,akdepe,42.0551,59.3788,64.49,12,18,11.45,TM,1681916097
372,alamosa,37.4695,-105.87,46.38,31,0,24.16,US,1681916097
373,hiroshima,34.3963,132.4594,62.38,99,100,1.07,JP,1681916072
374,queenstown,-31.8976,26.8753,79.43,15,0,9.01,ZA,1681916099
375,santa ana,33.7456,-117.8678,56.79,82,40,5.75,US,1681916099
376,cabedelo,-6.9811,-34.8339,88.47,70,97,7.58,BR,1681916100
377,aswan,24.0934,32.907,101.08,7,0,11.79,EG,1681916101
378,tsiombe,-25.3,45.4833,75.09,83,100,12.75,MG,1681916102
379,san bernardo del viento,9.3533,-75.9524,83.93,70,99,4.0,CO,1681916103
380,baqubah,33.7485,44.6554,88.09,19,0,7.02,IQ,1681916104
381,vahdat,38.5563,69.0135,54.34,71,40,4.47,TJ,1681916105
382,ikwiriri,-7.9562,38.9716,75.33,95,100,3.04,TZ,1681916105
383,mogocha,53.7333,119.7667,27.52,96,100,8.34,RU,1681916106
384,mana,5.6592,-53.7767,81.34,77,28,7.16,GF,1681916106
385,murghob,38.1702,73.9667,30.61,62,100,1.28,TJ,1681916107
386,polyarnyy,69.1989,33.4478,38.23,97,100,16.89,RU,1681916107
387,sola,-13.8833,167.55,81.28,72,100,2.08,VU,1681916108
388,istgah-e rah ahan-e garmsar,35.2346,52.3094,77.49,17,0,5.77,IR,1681916108
389,vredendal,-31.6683,18.5012,72.97,39,96,12.55,ZA,1681916109
390,realico,-35.0366,-64.2447,72.14,36,8,17.54,AR,1681916110
391,novo aripuana,-5.1206,-60.3797,81.5,76,100,3.62,BR,1681916112
392,markala,13.7021,-6.0659,104.9,6,100,8.21,ML,1681916112
393,qamdo,31.1667,97.2333,42.73,38,65,2.01,CN,1681916113
394,qorveh,35.1664,47.8045,61.16,33,2,7.54,IR,1681916113
395,slyudyanka,51.6594,103.7061,15.57,80,100,6.06,RU,1681916113
396,unai,-16.3575,-46.9061,90.37,39,26,10.56,BR,1681916114
397,miyako,39.6367,141.9525,46.02,80,95,3.56,JP,1681916115
398,cooper's town,26.8667,-77.5167,73.49,63,100,15.03,BS,1681916115
399,lushun,38.8,121.2667,53.82,72,73,8.68,CN,1681916080
400,isla vista,34.4133,-119.861,56.44,48,0,16.11,US,1681916116
401,dunbar,38.3606,-81.7374,68.76,43,50,1.99,US,1681916101
402,cabo san lucas,22.8909,-109.9124,73.62,69,95,7.27,MX,1681915990
403,revda,56.801,59.9303,39.2,56,19,5.23,RU,1681916117
404,suez,29.9737,32.5263,81.46,41,96,19.75,EG,1681916077
405,asaita,11.5636,41.4394,96.24,31,5,16.42,ET,1681916118
406,dashiqiao,40.6373,122.5025,60.67,38,59,9.31,CN,1681916118
407,keflavik,64.0049,-22.5624,51.71,93,100,19.57,IS,1681916119
408,usogorsk,63.4106,48.6872,34.18,90,98,4.54,RU,1681916120
409,jianjiang,26.5497,119.755,66.27,100,100,4.36,CN,1681916121
410,gatton,-27.55,152.2833,61.65,85,10,1.12,AU,1681916121
411,cafayate,-26.073,-65.9761,64.51,53,0,3.51,AR,1681915833
412,ifrane,33.3333,-5.25,62.58,42,43,19.28,MA,1681916122
413,libourne,44.9167,-0.25,74.57,46,100,6.02,FR,1681916123
414,kiunga,-6.1219,141.2906,72.28,99,77,0.69,PG,1681916124
415,fort wellington,6.4,-57.6,83.53,66,99,6.15,GY,1681916124
416,bahia blanca,-38.7196,-62.2724,62.82,54,20,5.01,AR,1681916125
417,berezovyy,51.6667,135.7,32.99,95,86,3.36,RU,1681916126
418,port arthur,38.8,121.2667,53.82,72,73,8.68,CN,1681916127
419,kodinsk,58.6881,99.1844,18.25,86,100,11.61,RU,1681916127
420,bor,56.3567,44.0669,58.93,48,57,7.63,RU,1681916128
421,hobyo,5.3505,48.5268,84.15,65,100,12.48,SO,1681916072
422,nyurba,63.2842,118.3319,5.99,96,76,3.31,RU,1681916129
423,nagqu,31.5,92.0,38.35,54,100,8.57,CN,1681916129
424,koutiala,12.3917,-5.4642,104.14,7,18,6.44,ML,1681916130
425,contai,21.7786,87.7536,83.55,85,1,13.8,IN,1681916130
426,sao jose da coroa grande,-8.8978,-35.1478,85.75,67,99,9.6,BR,1681916130
427,naze,28.3667,129.4833,63.52,94,100,20.07,JP,1681916093
428,kenai,60.5544,-151.2583,26.15,82,0,4.61,US,1681916130
429,bahia de caraquez,-0.6,-80.4167,82.58,77,100,3.91,EC,1681916131
430,kandi,11.1342,2.9386,98.04,29,90,6.67,BJ,1681916131
431,tolanaro,-25.0319,46.9987,78.87,83,40,8.05,MG,1681916131
432,kuching,1.55,110.3333,80.82,83,40,2.3,MY,1681916132
433,alappuzha,9.49,76.3264,81.0,76,14,5.99,IN,1681916132
434,santa rosa,14.3122,121.1114,86.11,80,1,4.43,PH,1681916098
435,taroa,8.7058,171.2275,80.8,81,85,15.68,MH,1681916132
436,mandalgovi,45.7625,106.2708,29.52,17,2,3.67,MN,1681916132
437,patnanungan,14.7833,122.1833,80.71,83,1,6.49,PH,1681916133
438,egilsstadir,65.2653,-14.3948,60.71,48,0,8.05,IS,1681916133
439,island harbour,50.724,-1.2758,62.64,71,1,20.36,GB,1681916133
440,noumea,-22.2763,166.4572,78.01,99,1,4.94,NC,1681916134
441,robertsport,6.7533,-11.3686,84.67,72,77,10.18,LR,1681916134
442,lucaya,26.5333,-78.6667,75.13,53,75,12.66,BS,1681916134
443,bardai,11.65,7.2333,98.85,18,83,7.78,NG,1681916135
444,williams lake,52.1415,-122.1445,29.77,94,20,3.44,CA,1681916135
445,yashkino,55.8736,85.4265,21.92,88,100,8.37,RU,1681916136
446,lodja,-3.4833,23.4333,87.85,53,99,4.72,CD,1681916114
447,dunedin,-45.8742,170.5036,54.81,95,7,1.99,NZ,1681916138
448,ubari,26.5921,12.7805,87.53,12,0,10.38,LY,1681916138
449,cidreira,-30.1811,-50.2056,66.2,41,10,21.16,BR,1681916073
450,porto murtinho,-21.6989,-57.8825,78.8,47,0,7.54,BR,1681916139
451,mirny,62.5353,113.9611,24.24,53,100,18.01,RU,1681916139
452,labrador city,52.9463,-66.9114,35.51,87,100,6.91,CA,1681916139
453,kencong,-8.2833,113.3667,77.65,89,46,1.97,ID,1681916140
454,champerico,14.3,-91.9167,82.94,61,8,4.94,GT,1681916140
455,at taraf,25.3628,49.725,73.94,31,100,11.48,SA,1681916140
456,sao felix do xingu,-6.6447,-51.995,81.73,72,100,1.99,BR,1681915899
457,suva,-18.1416,178.4415,74.68,94,20,0.0,FJ,1681916076
458,tilcara,-23.5776,-65.3509,52.74,26,1,0.74,AR,1681915867
459,ust'-kulom,61.6864,53.6902,36.37,93,20,0.4,RU,1681916141
460,valvedditturai,9.8167,80.1667,84.24,76,0,8.19,LK,1681916141
461,rosetta,31.4044,30.4164,65.8,69,87,15.55,EG,1681916142
462,yermakovskoye,53.2831,92.4003,22.62,75,91,3.42,RU,1681916142
463,santa eularia des riu,38.9846,1.5341,66.11,51,0,13.8,ES,1681916142
464,llanes,43.4198,-4.7549,61.57,70,0,5.44,ES,1681916142
465,luganville,-15.5333,167.1667,76.78,87,86,1.63,VU,1681916143
466,juuka,63.2333,29.25,36.3,100,100,5.64,FI,1681916143
467,ola,59.5833,151.2833,24.73,75,100,10.42,RU,1681916143
468,puerto leguizamo,-0.1934,-74.7819,87.24,57,83,4.92,CO,1681916143
469,san rafael,-34.6177,-68.3301,72.77,22,1,1.68,AR,1681916144
470,tripoli,32.8752,13.1875,76.48,45,60,11.48,LY,1681916077
471,veydelevka,50.1521,38.4492,56.14,55,100,13.29,RU,1681916144
472,pointe-noire,-4.7761,11.8635,87.87,79,20,11.5,CG,1681916145
473,ulladulla,-35.35,150.4667,60.76,83,100,13.24,AU,1681916145
474,tvoroyri,61.5556,-6.8111,46.85,83,25,15.37,FO,1681916148
475,baiyin,36.5583,104.2081,50.13,23,84,20.22,CN,1681916148
476,dzhalagash,45.0833,64.6667,55.15,17,5,11.88,KZ,1681916149
477,cill airne,52.05,-9.5167,57.25,54,40,13.8,IE,1681916149
478,acapulco de juarez,16.8634,-99.8901,82.63,65,100,0.83,MX,1681916043
479,daru,-9.0763,143.2092,78.22,83,85,5.12,PG,1681916149
480,rifle,39.5347,-107.7831,38.1,52,100,17.27,US,1681916150
481,amparafaravola,-17.5833,48.2167,68.58,91,54,5.1,MG,1681916151
482,petrosino,37.7077,12.4999,70.86,56,1,4.7,IT,1681916151
483,kalmunai,7.4167,81.8167,83.16,75,7,11.65,LK,1681916151
484,filipstad,59.7124,14.1683,56.77,31,4,7.7,SE,1681916151
485,saint-louis du nord,19.9333,-72.7167,80.69,71,3,5.77,HT,1681916152
486,bonanza,14.0289,-84.591,80.74,62,98,2.57,NI,1681916152
487,alesund,62.4723,6.1549,61.72,62,0,11.5,NO,1681916152
488,itoman,26.1247,127.6694,71.62,94,75,5.75,JP,1681916152
489,marsh harbour,26.5412,-77.0636,74.08,65,100,14.14,BS,1681916152
490,boende,-0.2167,20.8667,93.83,38,100,1.88,CD,1681916152
491,santarem,-2.4431,-54.7083,82.53,83,75,2.3,BR,1681916008
492,namp'o,38.7375,125.4078,56.64,59,1,1.25,KP,1681916153
493,coronel suarez,-37.4547,-61.9334,61.12,42,2,17.67,AR,1681916153
494,aginskoye,51.1,114.53,21.45,43,32,29.26,RU,1681916153
495,kulhudhuffushi,6.6221,73.07,84.33,69,2,0.98,MV,1681916153
496,merizo village,13.2658,144.6691,81.16,82,93,12.57,GU,1681916154
497,torres,-29.3353,-49.7269,66.83,38,5,14.2,BR,1681915928
498,xalisco,21.4531,-104.8993,75.94,29,92,1.45,MX,1681916154
499,cedeira,43.6797,-8.0209,68.99,76,25,16.69,ES,1681916154
500,gamba,-2.65,10.0,84.31,75,75,7.31,GA,1681916154
501,pikalevo,59.5183,34.1664,51.46,45,20,6.42,RU,1681916154
502,maturin,9.75,-63.1767,84.04,65,60,11.5,VE,1681916155
503,corner brook,48.9667,-57.9484,44.76,85,94,10.22,CA,1681916155
504,horta,38.5333,-28.6333,58.64,92,75,20.71,PT,1681916155
505,tromso,69.6496,18.957,46.38,81,75,6.91,NO,1681916155
506,pangkalpinang,-2.1333,106.1333,79.75,86,89,4.81,ID,1681916155
507,mers el kebir,35.7279,-0.7081,70.45,60,75,16.11,DZ,1681916156
508,playa blanca,28.8643,-13.8281,75.4,73,12,17.09,ES,1681916156
509,numaligarh,26.6333,93.75,89.73,24,95,0.43,IN,1681916156
510,brownwood,31.7093,-98.9912,77.0,70,75,16.11,US,1681915922
511,mejit,10.2753,170.8646,80.04,81,100,19.57,MH,1681916156
512,levoca,49.0217,20.5921,53.73,77,90,5.41,SK,1681916157
513,jayapura,-2.5333,140.7,78.19,89,99,6.89,ID,1681916157
514,castro,-24.7911,-50.0119,63.32,54,0,13.35,BR,1681916157
515,kailua-kona,19.6406,-155.9956,78.76,81,0,9.22,US,1681916157
516,pahrump,36.2083,-115.9839,52.25,23,0,11.01,US,1681916157
517,price,39.5994,-110.8107,34.12,31,100,10.36,US,1681916157
518,alpine,32.835,-116.7664,50.99,77,20,0.0,US,1681916158
519,borogontsy,62.6683,131.1683,26.94,96,100,4.5,RU,1681916158
520,ushirombo,-3.4919,31.9639,72.27,83,92,4.03,TZ,1681916158
521,yuzhno-kurilsk,44.0306,145.8556,38.12,78,13,5.7,RU,1681916158
522,abony,47.1899,20.0048,62.13,61,0,4.61,HU,1681916159
523,dien bien phu,21.3833,103.0167,80.22,31,0,2.82,VN,1681916159
524,viisoara,46.55,23.9167,61.95,65,76,6.76,RO,1681916159
525,kaoma,-14.7833,24.8,80.51,42,93,4.83,ZM,1681916130
526,huanren,41.2647,125.3667,57.18,40,100,7.43,CN,1681916160
527,tottori,35.5,134.2333,60.75,94,100,5.84,JP,1681916160
528,inhambane,-23.865,35.3833,80.58,61,20,5.01,MZ,1681916160
529,cururupu,-1.8283,-44.8683,82.6,72,100,2.21,BR,1681916160
530,mahanoro,-19.9,48.8,76.26,87,67,4.7,MG,1681916160
531,adra,36.7496,-3.0206,76.39,63,94,4.76,ES,1681916161
532,chennai,13.0878,80.2785,87.78,88,0,4.61,IN,1681915930
533,vila velha,-20.3297,-40.2925,89.94,67,20,10.0,BR,1681916161
534,mineros,-17.1167,-63.2333,66.33,96,100,8.86,BO,1681916161
535,darovskoy,58.77,47.9564,52.48,42,76,3.4,RU,1681916161
536,yamada,39.4667,141.95,46.13,81,99,3.83,JP,1681916162
537,khoyniki,51.8911,29.9552,55.18,60,100,8.39,BY,1681916162
538,khuzdar,27.7384,66.6434,71.76,20,0,11.25,PK,1681916163
539,narvik,68.4384,17.4272,45.37,96,100,4.34,NO,1681916163
540,urengoy,65.9667,78.3667,14.74,95,100,4.21,RU,1681916164
541,zabid,14.1951,43.3152,88.59,54,5,16.31,YE,1681916164
542,roma,43.2128,-75.4557,38.73,86,100,14.97,US,1681916140
543,san carlos,9.6612,-68.5827,89.06,42,100,2.86,VE,1681916165
544,moberly,39.4184,-92.4382,69.93,52,0,16.11,US,1681916165
545,eyl,7.9803,49.8164,84.07,63,11,12.93,SO,1681916165
546,inari,68.906,27.0288,50.2,81,100,12.06,FI,1681916166
547,gaiman,-43.2897,-65.4929,72.19,42,22,22.08,AR,1681916166
548,omidiyeh,30.7597,49.705,94.87,20,0,13.8,IR,1681916166
549,fort st. john,56.2499,-120.8529,33.69,86,75,9.22,CA,1681916175
550,viedma,-40.8135,-62.9967,63.64,48,23,10.18,AR,1681916175
551,novaya igirma,57.1334,103.9112,17.67,84,100,8.43,RU,1681916175
552,ezhva,61.8128,50.7283,53.38,19,0,2.24,RU,1681916176
553,slave lake,55.2834,-114.769,33.78,86,100,4.61,CA,1681916176
554,manokwari,-0.8667,134.0833,78.55,83,97,5.79,ID,1681916144
555,lhokseumawe,5.1801,97.1507,81.5,83,96,6.76,ID,1681916177
556,st. john's,47.5649,-52.7093,38.79,84,100,20.71,CA,1681915960
557,mabaruma,8.2,-59.7833,88.9,50,95,6.62,GY,1681916178
558,tomatlan,19.9333,-105.25,80.02,42,75,0.6,MX,1681916178
